,index,IP Address,Port,Code,Country,Anonymity,Google,Https,Last Checked
0,0,1.10.186.173,59574.0,TH,Thailand,elite proxy,no,yes,25 seconds ago
1,1,186.1.4.228,35811.0,NI,Nicaragua,elite proxy,no,yes,25 seconds ago
2,2,142.147.112.246,59640.0,US,United States,elite proxy,no,yes,25 seconds ago
3,3,169.239.16.67,51508.0,NG,Nigeria,elite proxy,no,yes,25 seconds ago
4,4,171.100.9.126,49163.0,TH,Thailand,elite proxy,no,yes,25 seconds ago
5,5,176.100.18.205,34360.0,UA,Ukraine,elite proxy,no,yes,25 seconds ago
6,6,177.23.104.38,39898.0,BR,Brazil,elite proxy,no,yes,25 seconds ago
7,7,36.66.149.82,55359.0,ID,Indonesia,elite proxy,no,yes,25 seconds ago
8,8,186.226.234.67,33834.0,BR,Brazil,elite proxy,no,yes,25 seconds ago
9,9,62.7.85.234,8080.0,GB,United Kingdom,anonymous,no,yes,25 seconds ago
10,10,103.18.132.202,41358.0,ID,Indonesia,elite proxy,no,yes,25 seconds ago
11,11,118.175.93.40,41032.0,TH,Thailand,elite proxy,no,yes,25 seconds ago
12,12,1.20.99.57,59320.0,TH,Thailand,elite proxy,no,yes,25 seconds ago
13,13,194.228.129.189,42595.0,CZ,Czech Republic,elite proxy,no,yes,25 seconds ago
14,14,71.14.129.8,57197.0,US,United States,elite proxy,no,yes,25 seconds ago
15,15,103.84.208.22,33606.0,ID,Indonesia,elite proxy,no,yes,25 seconds ago
16,16,200.6.180.146,57586.0,CO,Colombia,elite proxy,no,yes,25 seconds ago
17,17,93.171.242.142,59967.0,UA,Ukraine,elite proxy,no,yes,25 seconds ago
18,18,103.25.167.200,57400.0,ID,Indonesia,elite proxy,no,yes,25 seconds ago
19,19,195.246.102.222,58073.0,TJ,Tajikistan,elite proxy,no,yes,25 seconds ago
20,20,37.32.125.65,33936.0,IR,Iran,elite proxy,no,yes,25 seconds ago
21,21,1.20.100.168,57057.0,TH,Thailand,elite proxy,no,yes,25 seconds ago
22,22,217.115.49.122,40854.0,SE,Sweden,elite proxy,no,yes,25 seconds ago
23,23,118.175.207.180,56315.0,TH,Thailand,elite proxy,no,yes,25 seconds ago
24,24,37.57.91.248,53344.0,UA,Ukraine,elite proxy,no,yes,25 seconds ago
25,25,195.3.141.8,21231.0,RU,Russian Federation,elite proxy,no,yes,25 seconds ago
26,26,95.47.212.118,59132.0,BA,Bosnia and Herzegovina,elite proxy,no,yes,25 seconds ago
27,27,5.58.152.191,32757.0,UA,Ukraine,elite proxy,no,yes,25 seconds ago
28,28,189.113.118.186,32886.0,BR,Brazil,elite proxy,no,yes,25 seconds ago
29,29,1.10.187.134,54070.0,TH,Thailand,elite proxy,no,yes,25 seconds ago
30,30,118.174.234.198,61130.0,TH,Thailand,elite proxy,no,yes,25 seconds ago
31,31,170.238.239.30,44251.0,CO,Colombia,elite proxy,no,yes,25 seconds ago
32,32,185.148.100.155,43645.0,IT,Italy,elite proxy,no,yes,25 seconds ago
33,33,178.72.74.40,55836.0,RU,Russian Federation,elite proxy,no,yes,1 minute ago
34,34,185.53.92.253,38573.0,GB,United Kingdom,elite proxy,no,yes,1 minute ago
35,35,45.121.38.189,40310.0,MY,Malaysia,elite proxy,no,yes,1 minute ago
36,36,177.91.127.63,56118.0,BR,Brazil,elite proxy,no,yes,1 minute ago
37,37,81.23.187.38,34060.0,RU,Russian Federation,elite proxy,no,yes,1 minute ago
38,38,186.42.175.138,35571.0,EC,Ecuador,elite proxy,no,yes,1 minute ago
39,39,5.58.149.229,60704.0,UA,Ukraine,elite proxy,no,yes,1 minute ago
40,40,181.133.180.2,50756.0,CO,Colombia,elite proxy,no,yes,1 minute ago
41,41,185.149.105.18,45003.0,BG,Bulgaria,elite proxy,no,yes,1 minute ago
42,42,37.28.181.177,54754.0,RU,Russian Federation,elite proxy,no,yes,1 minute ago
43,43,190.181.61.6,33946.0,BO,Bolivia,elite proxy,no,yes,1 minute ago
44,44,1.10.187.128,60929.0,TH,Thailand,elite proxy,no,yes,1 minute ago
45,45,187.45.13.190,59633.0,BR,Brazil,elite proxy,no,yes,1 minute ago
46,46,36.37.154.168,58750.0,KH,Cambodia,elite proxy,no,yes,1 minute ago
47,47,118.172.201.141,49192.0,TH,Thailand,elite proxy,no,yes,1 minute ago
48,48,1.20.100.243,59432.0,TH,Thailand,elite proxy,no,yes,1 minute ago
49,49,88.118.134.214,36483.0,LT,Lithuania,elite proxy,no,yes,1 minute ago
50,50,200.57.8.30,48743.0,MX,Mexico,elite proxy,no,yes,1 minute ago
51,51,186.4.177.4,45246.0,EC,Ecuador,elite proxy,no,yes,1 minute ago
52,52,37.32.127.49,48828.0,IR,Iran,elite proxy,no,yes,1 minute ago
53,53,45.235.87.138,54570.0,BR,Brazil,elite proxy,no,yes,1 minute ago
54,54,183.81.157.178,53854.0,ID,Indonesia,elite proxy,no,yes,1 minute ago
55,56,91.92.80.25,43811.0,BG,Bulgaria,elite proxy,no,yes,1 minute ago
56,57,103.9.188.230,47699.0,KH,Cambodia,elite proxy,no,yes,1 minute ago
57,58,181.143.100.186,47227.0,CO,Colombia,elite proxy,no,yes,1 minute ago
58,59,109.226.241.61,52723.0,RU,Russian Federation,elite proxy,no,yes,1 minute ago
59,60,118.172.201.79,47744.0,TH,Thailand,elite proxy,no,yes,1 minute ago
60,61,180.180.217.136,51688.0,TH,Thailand,elite proxy,no,yes,1 minute ago
61,62,125.25.54.65,60296.0,TH,Thailand,elite proxy,no,yes,1 minute ago
62,63,103.194.192.42,31383.0,IN,India,elite proxy,no,yes,1 minute ago
63,64,192.146.230.210,48143.0,CA,Canada,elite proxy,no,yes,1 minute ago
64,65,190.165.166.47,33670.0,CO,Colombia,elite proxy,no,yes,1 minute ago
65,66,178.18.213.138,39267.0,RU,Russian Federation,elite proxy,no,yes,1 minute ago
66,67,118.174.65.131,34064.0,TH,Thailand,elite proxy,no,yes,1 minute ago
67,68,182.52.51.41,41219.0,TH,Thailand,elite proxy,no,yes,1 minute ago
68,69,118.172.201.105,57345.0,TH,Thailand,elite proxy,no,yes,1 minute ago
69,70,190.182.183.251,54739.0,AR,Argentina,elite proxy,no,yes,1 minute ago
70,71,188.17.153.209,40424.0,RU,Russian Federation,elite proxy,no,yes,1 minute ago
71,72,103.110.88.20,41610.0,ID,Indonesia,elite proxy,no,yes,1 minute ago
72,73,1.20.100.134,53774.0,TH,Thailand,elite proxy,no,yes,1 minute ago
73,74,45.6.93.74,53281.0,BR,Brazil,elite proxy,no,yes,1 minute ago
74,75,92.39.55.186,33466.0,MD,"Moldova, Republic of",elite proxy,no,yes,1 minute ago
75,76,180.180.156.119,59363.0,TH,Thailand,elite proxy,no,yes,1 minute ago
76,77,124.41.211.195,38857.0,NP,Nepal,elite proxy,no,yes,1 minute ago
77,78,182.52.51.249,33592.0,TH,Thailand,elite proxy,no,yes,1 minute ago
78,79,45.4.85.73,46456.0,HN,Honduras,elite proxy,no,yes,1 minute ago
79,80,118.174.232.239,47571.0,TH,Thailand,elite proxy,no,yes,1 minute ago
80,81,91.202.144.204,59818.0,UA,Ukraine,elite proxy,no,yes,1 minute ago
81,82,187.44.177.178,50405.0,BR,Brazil,elite proxy,no,yes,1 minute ago
82,83,118.173.232.88,56739.0,TH,Thailand,elite proxy,no,yes,1 minute ago
83,84,125.25.57.6,47986.0,TH,Thailand,elite proxy,no,yes,1 minute ago
84,85,118.175.240.205,34643.0,TH,Thailand,elite proxy,no,yes,1 minute ago
85,86,125.25.54.138,33032.0,TH,Thailand,elite proxy,no,yes,1 minute ago
86,87,190.109.169.49,45049.0,CO,Colombia,elite proxy,no,yes,1 minute ago
87,88,186.42.224.222,43675.0,EC,Ecuador,elite proxy,no,yes,1 minute ago
88,89,46.219.111.73,59884.0,UA,Ukraine,elite proxy,no,yes,1 minute ago
89,90,83.211.243.161,56748.0,IT,Italy,elite proxy,no,yes,1 minute ago
90,91,177.102.19.10,46284.0,BR,Brazil,elite proxy,no,yes,1 minute ago
91,92,200.85.125.46,58324.0,AR,Argentina,elite proxy,no,yes,1 minute ago
92,93,41.193.198.50,51377.0,ZA,South Africa,elite proxy,no,yes,1 minute ago
93,94,129.205.136.148,53281.0,ZA,South Africa,elite proxy,no,yes,1 minute ago
94,95,203.142.35.242,46593.0,MY,Malaysia,elite proxy,no,yes,1 minute ago
95,96,1.10.186.30,59186.0,TH,Thailand,elite proxy,no,yes,1 minute ago
96,98,179.127.241.136,47913.0,BR,Brazil,elite proxy,no,yes,1 minute ago
97,99,180.250.45.146,35343.0,ID,Indonesia,elite proxy,no,yes,1 minute ago
